排名,电影名,年份,国家,类型,导演,演员,评论,评分,评价人数,点击数,名著改编
1,肖申克的救赎,1994,美国,犯罪剧情,弗兰克·德拉邦特,蒂姆·罗宾斯/...,希望让人自由。,9.7,2483038人评价,0,1
2,霸王别姬,1993,中国大陆中国香港,剧情爱情同性,陈凯歌,张国荣/张丰毅...,风华绝代。,9.6,1845964人评价,0,1
3,阿甘正传,1994,美国,剧情爱情,罗伯特·泽米吉斯,汤姆·汉克斯/...,一部美国近现代史。,9.5,1865982人评价,0,0
4,这个杀手不太冷,1994,法国美国,剧情动作犯罪,吕克·贝松,让·雷诺/娜塔莉·波特曼...,怪蜀黍和小萝莉不得不说的故事。,9.4,2029009人评价,0,1
5,泰坦尼克号,1997,美国墨西哥澳大利亚加拿大,剧情爱情灾难,詹姆斯·卡梅隆,莱昂纳多·迪卡普里奥...,失去的才是永恒的。 ,9.4,1827694人评价,0,0
6,美丽人生,1997,意大利,剧情喜剧爱情战争,罗伯托·贝尼尼,罗伯托·贝尼尼...,最美的谎言。,9.6,1143956人评价,0,1
7,千与千寻,2001,日本,剧情动画奇幻,宫崎骏,柊瑠美/入野自由...,最好的宫崎骏，最好的久石让。 ,9.4,1946859人评价,2,0
8,辛德勒的名单,1993,美国,剧情历史战争,史蒂文·斯皮尔伯格,连姆·尼森...,拯救一个人，就是拯救整个世界。,9.5,953861人评价,0,0
9,盗梦空间,2010,美国英国,剧情科幻悬疑冒险,克里斯托弗·诺兰,莱昂纳多·迪卡普里奥...,诺兰给了我们一场无法盗取的梦。,9.3,1793490人评价,0,1
10,忠犬八公的故事,2009,美国英国,剧情,莱塞·霍尔斯道姆,理查·基尔...,永远都不能忘记你所爱的人。,9.4,1231814人评价,0,1
11,星际穿越,2014,美国英国加拿大,剧情科幻冒险,克里斯托弗·诺兰,马修·麦康纳...,爱是一种力量，让我们超越时空感知它的存在。,9.3,1470769人评价,0,0
12,楚门的世界,1998,美国,剧情科幻,彼得·威尔,金·凯瑞/劳拉·琳妮...,如果再也不能见到你，祝你早安，午安，晚安。,9.3,1393096人评价,0,0
13,海上钢琴师,1998,意大利,剧情音乐,朱塞佩·托纳多雷,蒂姆·罗斯/...,每个人都要走一条自己坚定了的路，就算是粉身碎骨。 ,9.3,1457420人评价,0,1
14,三傻大闹宝莱坞,2009,印度,剧情喜剧爱情歌舞,拉库马·希拉尼,阿米尔·汗/卡...,英俊版憨豆，高情商版谢耳朵。,9.2,1632297人评价,0,0
15,机器人总动员,2008,美国,科幻动画冒险,安德鲁·斯坦顿,本·贝尔特/艾丽...,小瓦力，大人生。,9.3,1149564人评价,0,1
16,放牛班的春天,2004,法国瑞士德国,剧情喜剧音乐,克里斯托夫·巴拉蒂,热拉尔·朱尼奥é...,天籁一般的童声，是最接近上帝的存在。 ,9.3,1134488人评价,0,1
17,无间道,2002,中国香港,剧情犯罪惊悚,刘伟强/麦兆辉,刘德华/梁朝伟/黄秋生,香港电影史上永不过时的杰作。,9.3,1127030人评价,0,1
18,疯狂动物城,2016,美国,喜剧动画冒险,拜伦·霍华德/瑞奇·摩尔,金妮弗·...,迪士尼给我们营造的乌托邦就是这样，永远善良勇敢，永远出乎意料。,9.2,1622626人评价,0,0
19,大话西游之大圣娶亲,1995,中国香港中国大陆,喜剧爱情奇幻古装,刘镇伟,周星驰/吴孟达...,一生所爱。,9.2,1329241人评价,0,1
20,熔炉,2011,韩国,剧情,黄东赫-,孔侑/郑有美-/...,我们一路奋战不是为了改变世界，而是为了不让世界改变我们。,9.3,807729人评价,0,1
21,教父,1972,美国,剧情犯罪,弗朗西斯·福特·科波拉,马龙·白兰度...,千万不要记恨你的对手，这样会让你失去理智。,9.3,812658人评价,1,1
22,当幸福来敲门,2006,美国,剧情传记家庭,加布里尔·穆奇诺,威尔·史密斯...,平民励志片。 ,9.1,1317262人评价,0,0
23,龙猫,1988,日本,动画奇幻冒险,宫崎骏,日高法子/坂本千夏...,人人心中都有个龙猫，童年就永远不会消失。,9.2,1100041人评价,1,0
24,控方证人,1957,美国,剧情犯罪悬疑,比利·怀尔德,泰隆·鲍华/玛琳·...,比利·怀德满分作品。,9.6,405308人评价,0,0
25,怦然心动,2010,美国,剧情喜剧爱情,罗伯·莱纳,玛德琳·卡罗尔/卡...,真正的幸福是来自内心深处。,9.1,1573549人评价,0,0
26,触不可及,2011,法国,剧情喜剧,奥利维·那卡什/艾力克·托兰达主...,,满满温情的高雅喜剧。,9.3,887262人评价,0,0
27,末代皇帝,1987,英国意大利中国大陆法国,剧情传记历史,贝纳尔多·贝托鲁奇,尊龙/陈...,“不要跟我比惨，我比你更惨”再适合这部电影不过了。,9.3,717257人评价,0,0
28,蝙蝠侠：黑暗骑士,2008,美国英国,剧情动作科幻犯罪惊悚,克里斯托弗·诺兰,克里斯蒂安·贝尔...,无尽的黑暗。,9.2,902484人评价,0,0
29,寻梦环游记,2017,美国,喜剧动画奇幻音乐,李·昂克里奇/阿德里安·莫利纳,...,死亡不是真的逝去，遗忘才是永恒的消亡。,9.1,1388223人评价,0,1
30,活着,1994,中国大陆中国香港,剧情历史家庭,张艺谋,葛优/巩俐/姜武,张艺谋最好的电影。,9.3,703285人评价,0,0
31,指环王3：王者无敌,2003,美国新西兰,剧情动作奇幻冒险,彼得·杰克逊,伊利亚·伍德/西恩...,史诗的终章。,9.3,688675人评价,0,0
32,哈利·波特与魔法石,2001,美国英国,奇幻冒险,,//,童话世界的开端。,9.1,961409人评价,0,1
33,乱世佳人,1939,美国,剧情历史爱情战争,维克多·弗莱明/乔治·库克,费...,Tomorrow is another day.,9.3,595659人评价,0,1
34,何以为家,2018,黎巴嫩美国法国塞浦路斯卡塔尔英国,剧情,娜丁·拉巴基,扎因·拉费阿-/...,凝视卑弱生命，用电影改变命运。,9.1,882063人评价,0,1
35,素媛,2013,韩国,剧情,李濬益-,薛景求-/严志媛-...,受过伤害的人总是笑得最开心，因为他们不愿意让身边的人承受一样的痛苦。,9.3,577902人评价,0,0
36,飞屋环游记,2009,美国,剧情喜剧动画冒险,彼特·道格特/鲍勃·彼德森,爱德...,最后那些最无聊的事情，才是最值得怀念的。 ,9.1,1147611人评价,0,1
37,摔跤吧！爸爸,2016,印度,剧情传记运动家庭,涅提·蒂瓦里,阿米尔·汗/法缇玛...,你不是在为你一个人战斗，你要让千千万万的女性看到女生并不是只能相夫教子。,9.0,1361354人评价,0,1
38,十二怒汉,1957,美国,剧情,,亨利·方达/马丁·鲍尔萨姆...,1957年的理想主义。 ,9.4,402497人评价,0,0
39,哈尔的移动城堡,2004,日本,动画奇幻冒险,宫崎骏,倍赏千惠子/木村拓...,带着心爱的人在天空飞翔。,9.1,862752人评价,0,1
40,我不是药神,2018,中国大陆,剧情喜剧,文牧野,徐峥/王传君/周...,对我们国家而言，这样的电影多一部是一部。,9.0,1810977人评价,0,0
41,少年派的奇幻漂流,2012,美国中国台湾英国加拿大,剧情奇幻冒险,李安,苏拉·沙玛/伊尔凡·可汗...,瑰丽壮观、无人能及的冒险之旅。,9.1,1189855人评价,0,1
42,鬼子来了,2000,中国大陆,剧情喜剧,姜文,姜文/香川照之/...,对敌人的仁慈，就是对自己残忍。,9.3,532707人评价,0,0
43,大话西游之月光宝盒,1995,中国香港中国大陆,喜剧爱情奇幻古装,刘镇伟,周星驰/吴孟达...,旷古烁今。,9.0,1059218人评价,0,1
44,天空之城,1986,日本,动画奇幻冒险,宫崎骏,田中真弓/横泽启子...,对天空的追逐，永不停止。 ,9.1,717218人评价,1,1
45,天堂电影院,1988,意大利法国,剧情爱情,朱塞佩·托纳多雷,菲利普·努瓦雷...,那些吻戏，那些青春，都在影院的黑暗里被泪水冲刷得无比清晰。,9.2,592284人评价,0,0
46,猫鼠游戏,2002,美国加拿大,传记犯罪剧情,史蒂文·斯皮尔伯格,莱昂纳多·迪卡普里奥...,骗子大师和执著警探的你追我跑故事。 ,9.1,798944人评价,0,1
47,闻香识女人,1992,美国,剧情,马丁·布莱斯,阿尔·帕西诺/克里斯...,史上最美的探戈。,9.1,743957人评价,0,1
48,指环王2：双塔奇兵,2002,美国新西兰,剧情动作奇幻冒险,彼得·杰克逊,伊利亚·伍德/西恩...,承前启后的史诗篇章。,9.2,642131人评价,0,0
49,罗马假日,1953,美国,喜剧剧情爱情,威廉·惠勒,奥黛丽·赫本/格...,爱情哪怕只有一天。,9.1,834824人评价,0,0
50,钢琴家,2002,英国法国波兰德国,剧情传记战争音乐,罗曼·波兰斯基,艾德里安·布洛迪...,音乐能化解仇恨。,9.2,493163人评价,0,1
51,指环王1：护戒使者,2001,新西兰美国,剧情动作奇幻冒险,彼得·杰克逊,伊利亚·伍德/西恩...,传说的开始。,9.1,728414人评价,0,0
52,让子弹飞,2010,中国大陆中国香港,剧情喜剧动作西部,姜文,姜文/葛优/周润发-...,你给我翻译翻译，神马叫做TMD的惊喜。,8.9,1422784人评价,0,0
53,辩护人,2013,韩国,剧情,杨宇硕-,宋康昊-/金英爱-...,电影的现实意义大过电影本身。,9.2,517757人评价,0,0
54,大闹天宫,1961(中国大陆),1964(中国大陆),1978(中国大陆),万籁鸣,邱岳峰/富润生...,经典之作，历久弥新。,9.4,361151人评价,0,1
55,教父2,1974,美国,剧情犯罪,弗朗西斯·福特·科波拉,阿尔·帕西诺...,优雅的孤独。,9.2,457970人评价,0,0
56,狮子王,1994,美国,动画冒险歌舞,/罗伯·明可夫,乔纳森·泰勒·托马...,动物版《哈姆雷特》。,9.1,713498人评价,0,1
57,死亡诗社,1989,美国,剧情,彼得·威尔,罗宾·威廉姆斯/罗伯...,当一个死水般的体制内出现一个活跃的变数时，所有的腐臭都站在了光明的对面。,9.1,601133人评价,0,1
58,黑客帝国,1999,美国,动作科幻,安迪·沃卓斯基/拉娜·沃卓斯基主...,,视觉革命。,9.1,704080人评价,0,0
59,搏击俱乐部,1999,美国德国意大利,剧情动作悬疑惊悚,大卫·芬奇,爱德华·诺顿/布拉...,邪恶与平庸蛰伏于同一个母体，在特定的时间互相对峙。,9.0,730087人评价,0,1
60,海蒂和爷爷,2015,德国瑞士,剧情冒险家庭,阿兰·葛斯彭纳,阿努克·斯特芬/...,如果生活中有什么使你感到快乐，那就去做吧！不要管别人说什么。,9.3,423697人评价,0,0
61,绿皮书,2018,美国中国大陆,剧情喜剧传记音乐,彼得·法雷里,维果·莫腾森/...,去除成见，需要勇气。,8.9,1355318人评价,0,0
62,饮食男女,1994,中国台湾美国,剧情家庭,李安,郎雄/杨贵媚-/吴...,人生不能像做菜，把所有的料都准备好了才下锅。,9.1,515161人评价,0,1
63,美丽心灵,2001,美国,传记剧情,朗·霍华德,罗素·克劳/艾德·哈...,爱是一切逻辑和原由。,9.0,656226人评价,0,0
64,窃听风暴,2006,德国,剧情悬疑,弗洛里安·亨克尔·冯·多纳斯马尔克&...,,别样人生。,9.2,483071人评价,0,1
65,本杰明·巴顿奇事,2008,美国,剧情爱情奇幻,大卫·芬奇,凯特·布兰切特/...,在时间之河里感受溺水之苦。,8.9,848008人评价,0,1
66,两杆大烟枪,1998,英国,剧情喜剧犯罪,,//,4个臭皮匠顶个诸葛亮，盖·里奇果然不是盖的。,9.1,519772人评价,0,1
67,情书,1995,日本,剧情爱情,岩井俊二,中山美穗/丰川悦司...,暗恋的极致。,8.9,892982人评价,0,0
68,穿条纹睡衣的男孩,2008,英国美国,剧情战争,马克·赫尔曼,阿萨·巴特菲尔德...,尽管有些不切实际的幻想，这部电影依旧是一部感人肺腑的佳作。,9.1,455948人评价,0,1
69,看不见的客人,2016,西班牙,剧情犯罪悬疑惊悚,奥里奥尔·保罗,马里奥·卡萨斯/阿...,你以为你以为的就是你以为的。,8.8,1056716人评价,0,1
70,西西里的美丽传说,2000,意大利美国,剧情战争情色,朱塞佩·托纳多雷,莫妮卡·贝鲁奇...,美丽无罪。,8.9,840350人评价,0,1
71,飞越疯人院,1975,美国,剧情,米洛斯·福尔曼,杰克·尼科尔森...,自由万岁。,9.1,488196人评价,0,1
72,拯救大兵瑞恩,1998,美国,剧情战争,史蒂文·斯皮尔伯格,汤姆·汉克斯...,美利坚精神输出大片No1.,9.0,556413人评价,0,0
73,音乐之声,1965,美国,剧情传记爱情歌舞,罗伯特·怀斯,朱莉·安德鲁斯/克...,用音乐化解仇恨，让歌声串起美好。,9.1,515788人评价,0,1
74,小鞋子,1997,伊朗,剧情儿童家庭,马基德·马基迪,默罕默德·阿米尔·纳吉...,奔跑的孩子是天使。,9.2,350194人评价,0,0
75,阿凡达,2009,美国,动作科幻冒险,詹姆斯·卡梅隆,萨姆·沃辛顿...,绝对意义上的美轮美奂。,8.8,1206697人评价,0,0
76,海豚湾,2009,美国,纪录片,路易·西霍尤斯,'/路易·西霍...,海豚的微笑，是世界上最高明的伪装。,9.3,322641人评价,0,0
77,致命魔术,2006,英国美国,剧情悬疑惊悚,克里斯托弗·诺兰,休·杰克曼...,孪生蝙蝠侠大战克隆金刚狼。,8.9,739443人评价,0,0
78,沉默的羔羊,1991,美国,剧情犯罪惊悚,乔纳森·戴米,朱迪·福斯特/安...,安东尼·霍普金斯的顶级表演。,8.9,745172人评价,0,1
79,美国往事,1984,美国意大利,犯罪剧情,赛尔乔·莱翁内,罗伯特·德尼罗...,往事如烟，无处祭奠。,9.2,355134人评价,0,0
80,哈利·波特与死亡圣器(下),2011,美国英国,奇幻冒险,大卫·叶茨,丹尼尔·雷德克里夫...,10年的完美句点。,8.9,686902人评价,0,1
81,禁闭岛,2010,美国,剧情悬疑惊悚,,莱昂纳多·迪卡普里奥/...,昔日翩翩少年，今日大腹便便。,8.8,821138人评价,0,0
82,蝴蝶效应,2004,美国加拿大,剧情悬疑科幻惊悚,埃里克·布雷斯/·麦基·格鲁伯.主...,,人的命运被自己瞬间的抉择改变。,8.8,802871人评价,0,0
83,布达佩斯大饭店,2014,美国德国英国,剧情喜剧冒险,韦斯·安德森,拉尔夫·费因斯/...,小清新的故事里注入了大历史的情怀。,8.9,770790人评价,0,1
84,心灵捕手,1997,美国,剧情,格斯·范·桑特,马特·达蒙/罗宾·...,人生中应该拥有这样的一段豁然开朗。,8.9,607080人评价,0,1
85,低俗小说,1994,美国,剧情喜剧犯罪,昆汀·塔伦蒂诺,约翰·特拉沃尔塔...,故事的高级讲法。,8.9,713756人评价,0,1
86,春光乍泄,1997,中国香港日本韩国,剧情爱情同性,王家卫,张国荣/梁朝伟...,爱情纠缠，男女一致。,9.0,538524人评价,0,0
87,七宗罪,1995,美国,剧情犯罪悬疑惊悚,大卫·芬奇,摩根·弗里曼/布...,警察抓小偷，老鼠玩死猫。,8.8,827010人评价,0,0
88,摩登时代,1936,美国,剧情喜剧爱情,查理·卓别林,查理·卓别林...,大时代中的人生，小人物的悲喜。,9.3,251610人评价,0,0
89,喜剧之王,1999,中国香港,喜剧剧情爱情,周星驰/李力持-,周星驰...,我是一个演员。,8.8,826665人评价,0,1
90,致命ID,2003,美国,剧情悬疑惊悚,詹姆斯·曼高德,约翰·库萨克/雷...,最不可能的那个人永远是最可能的。,8.8,692141人评价,0,1
91,被嫌弃的松子的一生,2006,日本,剧情歌舞,中岛哲也,中谷美纪/瑛太...,以戏谑来戏谑戏谑。,8.9,624082人评价,0,0
92,杀人回忆,2003,韩国,剧情动作犯罪悬疑惊悚,奉俊昊-,宋康昊-/金相庆-...,关于连环杀人悬案的集体回忆。,8.9,588161人评价,0,0
93,加勒比海盗,2003,美国,动作冒险奇幻,戈尔·维宾斯基,约翰尼·德普/...,约翰尼·德普的独角戏。,8.8,745457人评价,0,1
94,红辣椒,2006,日本,动画悬疑科幻惊悚,今敏,林原惠美/江守彻...,梦的勾结。,9.0,371422人评价,0,0
95,剪刀手爱德华,1990,美国,剧情奇幻爱情,蒂姆·波顿,约翰尼·德普/薇诺娜·...,浪漫忧郁的成人童话。,8.7,929228人评价,0,1
96,狩猎,2012,丹麦瑞典,剧情,托马斯·温特伯格,麦斯·米科尔森...,人言可畏。,9.1,324297人评价,0,0
97,请以你的名字呼唤我,2017,意大利法国巴西美国荷兰德国,剧情爱情同性,卢卡·瓜达尼诺,艾米·汉莫/...,沉醉在电影的情感和视听氛围中无法自拔。,8.9,596205人评价,0,0
98,勇敢的心,1995,美国,动作传记剧情历史战争,梅尔·吉布森,梅尔·吉布森/苏菲·玛...,史诗大片的典范。,8.9,506382人评价,0,0
99,7号房的礼物,2013,韩国,剧情喜剧家庭,李焕庆-,柳承龙-/朴信惠...,《我是山姆》的《美丽人生》。,8.9,470773人评价,0,1
100,断背山,2005,美国加拿大,剧情爱情同性家庭,李安,希斯·莱杰/杰克·吉伦哈尔...,每个人心中都有一座断背山。,8.8,622823人评价,0,0
101,功夫,2004,中国大陆中国香港,动作喜剧犯罪奇幻,周星驰,周星驰/元秋/...,警恶惩奸，维护世界和平这个任务就交给你了，好吗？,8.7,901107人评价,0,1
102,超脱,2011,美国,剧情,托尼·凯耶,艾德里安·布洛迪/马西...,穷尽一生，我们要学会的，不过是彼此拥抱。,8.9,446882人评价,0,0
103,天使爱美丽,2001,法国德国,剧情喜剧爱情,让-皮埃尔·热内-,奥黛丽·塔图...,法式小清新。 ,8.7,873152人评价,0,1
104,哈利·波特与阿兹卡班的囚徒,2004,英国美国,奇幻冒险,ó,丹尼尔·雷德克里夫/...,不一样的导演，不一样的哈利·波特。,8.8,568429人评价,0,1
105,第六感,1999,美国,剧情悬疑惊悚,·奈特·沙马兰.,布鲁斯·威利斯...,深入内心的恐怖，出人意料的结局。,8.9,474885人评价,0,0
106,唐伯虎点秋香,1993,中国香港,喜剧爱情古装,李力持-,周星驰/巩俐/陈...,华太师是黄霑，吴镇宇四大才子之一。,8.7,911436人评价,0,1
107,幽灵公主,1997,日本,动画奇幻冒险,宫崎骏,松田洋治/石田百合...,人与自然的战争史诗。,8.9,458873人评价,0,0
108,重庆森林,1994,中国香港,剧情爱情,王家卫,林青霞/金城武...,寂寞没有期限。,8.8,685035人评价,0,1
109,小森林 夏秋篇,2014,日本,剧情,森淳一,桥本爱/三浦贵大...,那些静得只能听见呼吸的日子里，你明白孤独即生活。,9.0,365923人评价,0,0
110,阳光灿烂的日子,1994,中国大陆中国香港,剧情爱情,姜文,夏雨/宁静/陶虹,一场华丽的意淫。,8.8,533162人评价,0,1
111,入殓师,2008,日本,剧情,泷田洋二郎,本木雅弘/...,死可能是一道门，逝去并不是终结，而是超越，走向下一程。,8.9,547231人评价,0,0
112,爱在黎明破晓前,1995,美国奥地利瑞士,剧情爱情,理查德·林克莱特,伊桑·霍克...,缘分是个连绵词，最美不过一瞬。,8.8,550795人评价,0,1
113,一一,2000,中国台湾日本,剧情爱情家庭,杨德昌,吴念真/李凯莉/金燕玲...,我们都曾经是一一。,9.1,309913人评价,0,1
114,蝙蝠侠：黑暗骑士崛起,2012,美国英国,剧情动作科幻犯罪惊悚,克里斯托弗·诺兰,克里斯蒂安·贝尔...,诺兰就是保证。,8.8,615765人评价,0,0
115,菊次郎的夏天,1999,日本,剧情喜剧,北野武,北野武/关口雄介...,从没见过那么流氓的温柔，从没见过那么温柔的流氓。,8.8,501448人评价,0,1
116,消失的爱人,2014,美国,剧情犯罪悬疑惊悚,大卫·芬奇,本·阿弗莱克/罗莎蒙...,年度最佳date movie。,8.7,785336人评价,0,0
117,无人知晓,2004,日本,剧情,是枝裕和,柳乐优弥/北浦爱...,我的平常生活就是他人的幸福。,9.1,260903人评价,0,0
118,超能陆战队,2014,美国,喜剧动作科幻动画冒险,唐·霍尔/克里斯·威廉姆斯,斯科特...,Balalala~~~,8.7,868267人评价,0,0
119,小森林 冬春篇,2015,日本,剧情,森淳一,桥本爱/三浦贵大...,尊敬他人，尊敬你生活的这片土地，明白孤独是人生的常态。,9.0,326910人评价,0,1
120,哈利·波特与密室,2002,英国美国,奇幻冒险,,丹尼尔·雷德克里夫/艾玛...,魔法的密室之门已打开...,8.8,594725人评价,0,0
121,完美的世界,1993,美国,剧情犯罪,克林特·伊斯特伍德,凯文·科斯特纳...,坏人的好总是比好人的好来得更感人。,9.1,253018人评价,0,0
122,倩女幽魂,1987,中国香港,爱情奇幻武侠古装,程小东-,张国荣/王祖贤...,两张绝世的脸。 ,8.7,633982人评价,0,0
123,侧耳倾听,1995,日本,剧情爱情动画,近藤喜文,本名阳子/小林桂树...,少女情怀总是诗。,8.9,396930人评价,0,0
124,爱在日落黄昏时,2004,美国法国,剧情爱情,理查德·林克莱特,伊桑·霍克...,九年后的重逢是世俗和责任的交叠，没了悸动和青涩，沧桑而温暖。,8.9,454784人评价,0,1
125,借东西的小人阿莉埃蒂,2010,日本,动画奇幻冒险,米林宏昌,志田未来/神木...,曾经的那段美好会沉淀为一辈子的记忆。,8.9,470315人评价,0,1
126,甜蜜蜜,1996,中国香港,剧情爱情,陈可辛,黎明/张曼玉/...,相逢只要一瞬间，等待却像是一辈子。,8.9,447808人评价,0,0
127,萤火之森,2011,日本,剧情爱情动画奇幻,大森贵弘,佐仓绫音/内山昂辉...,触不到的恋人。,8.9,448572人评价,0,0
128,驯龙高手,2010,美国,动画奇幻冒险,迪恩·德布洛斯/克里斯·桑德斯,...,和谐的生活离不开摸头与被摸头。,8.7,655488人评价,0,0
129,幸福终点站,2004,美国,喜剧剧情爱情,史蒂文·斯皮尔伯格,汤姆·汉克斯...,有时候幸福需要等一等。 ,8.8,473834人评价,0,1
130,玛丽和马克思,2009,澳大利亚美国,剧情喜剧动画,亚当·艾略特,托妮·科莱特/菲利...,你是我最好的朋友，你是我唯一的朋友 。,8.9,380208人评价,0,0
131,时空恋旅人,2013,英国,喜剧爱情奇幻,理查德·柯蒂斯,多姆纳尔·格里森...,把每天当作最后一天般珍惜度过，积极拥抱生活，就是幸福。,8.8,528008人评价,0,1
132,大鱼,2003,美国,剧情家庭奇幻冒险,蒂姆·波顿,伊万·麦克格雷格/阿...,抱着梦想而活着的人是幸福的，怀抱梦想而死去的人是不朽的。,8.8,495019人评价,0,0
133,告白,2010,日本,剧情悬疑,中岛哲也,松隆子/冈田将生...,没有一人完全善，也没有一人完全恶。,8.8,601139人评价,0,1
134,怪兽电力公司,2001,美国,儿童喜剧动画奇幻冒险,彼特·道格特/大卫·斯沃曼,约...,不要给它起名字，起了名字就有感情了。,8.7,566563人评价,0,0
135,阳光姐妹淘,2011,韩国,剧情喜剧,姜炯哲-,沈恩京-/闵孝琳...,再多各自牛逼的时光，也比不上一起傻逼的岁月。 ,8.8,532493人评价,0,1
136,射雕英雄传之东成西就,1993,中国香港,喜剧奇幻武侠古装,刘镇伟,梁朝伟/林青霞...,百看不厌。 ,8.7,554321人评价,0,0
137,神偷奶爸,2010,美国法国,喜剧动画冒险,皮艾尔·柯芬/克里斯·雷纳德,...,"""Mr. I Dont Care其实也有Care的时候。""",8.6,830371人评价,0,1
138,傲慢与偏见,2005,法国英国美国,剧情爱情,乔·怀特,凯拉·奈特莉/马修·...,爱是摈弃傲慢与偏见之后的曙光。,8.7,674608人评价,0,1
139,教父3,1990,美国,剧情犯罪,弗朗西斯·福特·科波拉,阿尔·帕西诺...,任何信念的力量，都无法改变命运。,9.0,307703人评价,0,1
140,玩具总动员3,2010,美国,喜剧动画奇幻冒险,李·昂克里奇,汤姆·汉克斯/蒂姆·艾...,跨度十五年的欢乐与泪水。,8.9,436014人评价,0,1
141,恐怖直播,2013,韩国,剧情犯罪悬疑,金秉祐-,河正宇-/李璟荣-...,恐怖分子的“秋菊打官司”。,8.7,560049人评价,0,1
142,釜山行,2016,韩国,动作惊悚灾难,延尚昊-,孔侑/郑有美-/马...,揭露人性的丧尸题材力作。,8.6,1020497人评价,0,0
143,一个叫欧维的男人决定去死,2015,瑞典,剧情,汉内斯·赫尔姆,罗夫·拉斯加德...,惠及一生的美丽。,8.9,369587人评价,0,1
144,哪吒闹海,1979,中国大陆,冒险动画奇幻,王树忱/严定宪,梁正晖...,想你时你在闹海。,9.1,218400人评价,0,1
145,血战钢锯岭,2016,澳大利亚美国,剧情传记历史战争,梅尔·吉布森,安德鲁·加菲尔德/...,优秀的战争片不会美化战场，不会粉饰死亡，不会矮化敌人，不会无视常识，最重要的，不会宣扬战争。,8.7,684565人评价,0,0
146,被解救的姜戈,2012,美国,剧情动作西部冒险,昆汀·塔伦蒂诺,杰米·福克斯/...,热血沸腾，那个低俗、性感的无耻混蛋又来了。,8.8,518908人评价,0,0
147,未麻的部屋,1997,日本,动画奇幻惊悚,今敏,岩男润子/松本梨香...,好的剧本是，就算你猜到了结局也猜不到全部。,9.0,257426人评价,0,1
148,头号玩家,2018,美国,动作科幻冒险,史蒂文·斯皮尔伯格,泰伊·谢里丹...,写给影迷，动漫迷和游戏迷的一封情书。,8.7,1185693人评价,0,0
149,七武士,1954,日本,动作冒险剧情,黑泽明,三船敏郎/志村乔...,时代悲歌。,9.3,165621人评价,0,0
150,我是山姆,2001,美国,剧情家庭,杰茜·尼尔森,//...,爱并不需要智商 。,9.0,276992人评价,0,1
151,喜宴,1993,中国台湾美国,剧情喜剧爱情同性家庭,李安,赵文瑄/郎雄/归亚...,中国家庭的喜怒哀乐忍。,8.9,294830人评价,0,1
152,寄生虫,2019,韩国,剧情喜剧,奉俊昊-,宋康昊-/李善均-...,,8.8,1177808人评价,0,1
153,电锯惊魂,2004,美国,悬疑惊悚恐怖,詹姆斯·温,雷·沃纳尔/加利·艾...,真相就在眼前。,8.7,449734人评价,0,0
154,新世界,2013,韩国,剧情犯罪,朴勋政-,李政宰-/崔岷植-...,要做就做得狠一点，这样才能活下去。,8.9,326591人评价,0,1
155,模仿游戏,2014,英国美国,剧情传记战争同性,莫滕·泰杜姆,本尼迪克特·康伯巴奇...,他给机器起名“克里斯托弗”，因为这是他初恋的名字。,8.7,534470人评价,0,0
156,花样年华,2000,中国香港,剧情爱情,王家卫,梁朝伟/张曼玉...,偷情本没有这样美。,8.7,502295人评价,0,0
157,黑客帝国3：矩阵革命,2003,美国,动作科幻,拉娜·沃卓斯基/莉莉·沃卓斯基...,,不得不说，《黑客帝国》系列是商业片与科幻、哲学完美结合的典范。,8.8,376640人评价,0,1
158,卢旺达饭店,2004,英国南非意大利美国,剧情传记历史战争,特瑞·乔治,唐·钱德尔/苏菲·奥...,当这个世界闭上双眼，他却敞开了怀抱。,8.9,274617人评价,0,1
159,三块广告牌,2017,美国英国,剧情犯罪,马丁·麦克唐纳,弗兰西斯·麦克多蒙德...,怼天怼地，你走后，她与世界为敌。,8.7,713444人评价,0,0
160,上帝之城,2002,巴西法国,犯罪剧情,费尔南多·梅里尔斯/卡迪亚·兰德á&...,,被上帝抛弃了的上帝之城。,9.0,265533人评价,0,1
161,风之谷,1984,日本,动画奇幻冒险,宫崎骏,岛本须美/松田洋治...,动画片的圣经。,8.9,316693人评价,0,0
162,哈利·波特与火焰杯,2005,英国美国,悬疑奇幻冒险,迈克·内威尔,丹尼尔·雷德克里夫...,,8.7,515295人评价,0,1
163,疯狂原始人,2013,美国,喜剧动画冒险,科克·德·米科/克里斯·桑德斯主演...,,老少皆宜，这就是好莱坞动画的魅力。,8.7,739645人评价,0,1
164,谍影重重3,2007,美国德国,动作悬疑惊悚,保罗·格林格拉斯,马特·达蒙/...,像吃了苏打饼一样干脆的电影。,8.8,365860人评价,0,0
165,英雄本色,1986,中国香港,剧情动作犯罪,吴宇森,周润发-/狄龙/张国...,英雄泪短，兄弟情长。 ,8.6,451311人评价,0,0
166,你的名字。,2016,日本,剧情爱情动画,新海诚,神木隆之介/上...,穿越错位的时空，仰望陨落的星辰，你没留下你的名字，我却无法忘记那句“我爱你”。,8.5,1193205人评价,0,0
167,头脑特工队,2015,美国,喜剧动画冒险,彼特·道格特/罗纳尔多·德尔·卡门&...,,愿我们都不用长大，每一座城堡都能永远存在。,8.7,512411人评价,0,0
168,达拉斯买家俱乐部,2013,美国,剧情传记同性,让-马克·瓦雷-é,马修·麦康纳...,Jared Leto的腿比女人还美！,8.8,387698人评价,0,1
169,纵横四海,1991,中国香港,剧情喜剧动作犯罪,吴宇森,周润发-/张国荣...,香港浪漫主义警匪动作片的巅峰之作。,8.8,356223人评价,0,0
170,心迷宫,2014,中国大陆,剧情犯罪悬疑,忻钰坤,霍卫民/王笑天...,荒诞讽刺，千奇百巧，抽丝剥茧，百转千回。,8.7,431226人评价,0,1
171,岁月神偷,2010,中国香港中国大陆,剧情家庭,罗启锐,吴君如/任达华/钟绍...,岁月流逝，来日可追。,8.7,518854人评价,0,0
172,记忆碎片,2000,美国,犯罪剧情悬疑惊悚,克里斯托弗·诺兰,盖·皮尔斯/...,一个针管引发的血案。,8.7,528719人评价,0,1
173,忠犬八公物语,1987,日本,剧情,,山本圭/井川比佐志...,养狗三日，便会对你终其一生。,9.2,165162人评价,0,1
174,海街日记,2015,日本,剧情家庭,是枝裕和,绫濑遥/长泽雅美...,是枝裕和的家庭习作。,8.8,370464人评价,0,0
175,惊魂记,1960,美国,悬疑惊悚恐怖,阿尔弗雷德·希区柯克,安东尼·博金斯...,故事的反转与反转，分裂电影的始祖。,9.0,226892人评价,0,0
176,荒蛮故事,2014,阿根廷西班牙,剧情喜剧犯罪,达米安·斯兹弗隆á,达里奥·葛兰帝内提í...,始于荒诞，止于更荒诞。,8.8,375577人评价,0,1
177,爆裂鼓手,2014,美国,剧情音乐,达米恩·查泽雷,迈尔斯·特勒/...,这个世界从不善待努力的人，努力了也不一定会成功，但是知道自己在努力，就是活下去的动力。,8.7,490329人评价,0,1
178,九品芝麻官,1994,中国香港中国大陆,剧情喜剧古装,王晶,周星驰/吴孟达/...,,8.6,538970人评价,0,0
179,贫民窟的百万富翁,2008,英国,剧情爱情,丹尼·鲍尔/洛芙琳·坦丹,戴夫...,上帝之城+猜火车+阿甘正传+开心辞典=山寨富翁,8.6,655039人评价,0,1
180,真爱至上,2003,英国美国法国,喜剧剧情爱情,理查德·柯蒂斯,休·格兰特/柯林...,爱，是个动词。,8.6,623454人评价,0,1
181,东邪西毒,1994,中国香港中国台湾,剧情动作爱情武侠古装,王家卫,张国荣/林青霞...,电影诗。,8.6,507570人评价,0,1
182,绿里奇迹,1999,美国,犯罪剧情奇幻悬疑,,汤姆·汉克斯/大卫·摩斯...,天使暂时离开。,8.9,265597人评价,0,0
183,小偷家族,2018,日本,剧情犯罪家庭,是枝裕和,中川雅也/安藤樱...,我们组成了家。,8.7,715205人评价,0,1
184,爱在午夜降临前,2013,美国希腊,剧情爱情,理查德·林克莱特,伊桑·霍克...,所谓爱情，就是话唠一路，都不会心生腻烦，彼此嫌弃。,8.8,315091人评价,0,0
185,无敌破坏王,2012,美国,喜剧动画奇幻冒险,瑞奇·莫尔,约翰··赖利./萨拉...,迪士尼和皮克斯拿错剧本的产物。,8.7,458442人评价,0,0
186,黑天鹅,2010,美国,剧情惊悚,达伦·阿罗诺夫斯基,娜塔莉·波特曼...,黑暗之美。,8.6,707564人评价,0,1
187,冰川时代,2002,美国,喜剧动画冒险,卡洛斯·沙尔丹哈/克里斯·韦奇主演...,,松鼠才是角儿。,8.6,535440人评价,0,1
188,你看起来好像很好吃,2010,日本,剧情动画儿童,藤森雅也,山口胜平/爱河...,感情不分食草或者食肉。,8.9,290540人评价,0,1
189,萤火虫之墓,1988,日本,动画剧情战争,高畑勋,辰己努/白石绫乃/志乃原良子,幸福是生生不息，却难以触及的远。 ,8.7,365160人评价,0,1
190,疯狂的石头,2006,中国大陆中国香港,喜剧犯罪,宁浩,郭涛/刘桦/连晋,中国版《两杆大烟枪》。,8.5,695999人评价,0,1
191,雨人,1988,美国,剧情,巴瑞·莱文森,达斯汀·霍夫曼...,生活在自己的世界里，也可以让周围的人显得可笑和渺小。,8.7,355290人评价,0,1
192,雨中曲,1952,美国,喜剧歌舞爱情,斯坦利·多南/吉恩·凯利,吉恩·...,骨灰级歌舞片。,9.1,181277人评价,0,0
193,恐怖游轮,2009,英国澳大利亚,剧情悬疑惊悚,克里斯托弗·史密斯,梅利莎·乔治...,不要企图在重复中寻找已经失去的爱。,8.5,692906人评价,0,0
194,色，戒,2007,中国台湾中国大陆美国中国香港,剧情爱情情色,李安,梁朝伟/汤唯/...,假戏真情，爱欲深海,8.5,618876人评价,0,1
195,恋恋笔记本,2004,美国,剧情爱情,尼克·卡索维茨,瑞恩·高斯林/...,爱情没有那么多借口，如果不能圆满，只能说明爱的不够。 ,8.6,569992人评价,0,1
196,魔女宅急便,1989,日本,动画奇幻冒险,宫崎骏,高山南/佐久间玲...,宫崎骏的电影总让人感觉世界是美好的，阳光明媚的。,8.7,394893人评价,0,1
197,2001太空漫游,1968,英国美国,科幻惊悚冒险,斯坦利·库布里克,凯尔·杜拉/...,现代科幻电影的开山之作，最伟大导演的最伟大影片。,8.8,260261人评价,0,1
198,城市之光,1931,美国,喜剧剧情爱情,,查理·卓别林/弗吉尼亚·...,永远的小人物，伟大的卓别林。,9.3,118727人评价,0,0
199,可可西里,2004,中国大陆中国香港,剧情犯罪,陆川,多布杰/张磊/亓亮...,坚硬的信仰。,8.8,257032人评价,0,1
200,二十二,2015,中国大陆,纪录片,郭柯,,有一些东西不应该被遗忘。,8.7,261468人评价,0,0
201,虎口脱险,1966,法国英国,喜剧战争,杰拉尔·乌里é,路易·德·菲耐斯è...,永远看不腻的喜剧。,8.9,211366人评价,0,1
202,人工智能,2001,美国英国,剧情科幻,史蒂文·斯皮尔伯格,海利·乔·奥斯蒙...,对爱的执着，可以超越一切。,8.7,380253人评价,0,1
